"eta36","gruppo36"
67,"positivo"
40,"positivo"
61,"positivo"
40,"positivo"
37,"negativo"
35,"positivo"
43,"positivo"
45,"negativo"
68,"negativo"
50,"positivo"
47,"negativo"
69,"positivo"
61,"positivo"
43,"positivo"
43,"negativo"
59,"positivo"
41,"positivo"
38,"positivo"
35,"negativo"
51,"negativo"
66,"positivo"
51,"positivo"
56,"negativo"
69,"positivo"
69,"negativo"
45,"positivo"
35,"positivo"
51,"positivo"
64,"negativo"
35,"positivo"
52,"positivo"
37,"negativo"
38,"positivo"
40,"negativo"
45,"negativo"
66,"positivo"
61,"positivo"
69,"negativo"
62,"positivo"
49,"positivo"
41,"positivo"
35,"positivo"
39,"positivo"
40,"negativo"
46,"negativo"
51,"positivo"
67,"positivo"
35,"positivo"
37,"negativo"
60,"positivo"
69,"positivo"
36,"positivo"
51,"positivo"
54,"negativo"
50,"negativo"
66,"negativo"
62,"positivo"
37,"positivo"
50,"positivo"
45,"positivo"
46,"positivo"
47,"negativo"
58,"negativo"
39,"negativo"
46,"negativo"
40,"negativo"
65,"positivo"
47,"negativo"
39,"positivo"
55,"positivo"
55,"negativo"
39,"negativo"
45,"positivo"
35,"positivo"
56,"positivo"
49,"positivo"
68,"negativo"
36,"negativo"
60,"positivo"
48,"negativo"
36,"negativo"
35,"positivo"
59,"negativo"
61,"negativo"
46,"negativo"
49,"negativo"
47,"positivo"
37,"negativo"
37,"positivo"
35,"negativo"
69,"positivo"
69,"negativo"
43,"positivo"
58,"positivo"
42,"negativo"
58,"positivo"
53,"negativo"
46,"positivo"
65,"negativo"
69,"positivo"
66,"negativo"
44,"negativo"
63,"negativo"
58,"positivo"
68,"negativo"
35,"negativo"
68,"positivo"
63,"positivo"
69,"negativo"
48,"negativo"
69,"positivo"
36,"negativo"
44,"positivo"
42,"positivo"
51,"positivo"
37,"negativo"
62,"positivo"
35,"positivo"
41,"negativo"
35,"positivo"
40,"positivo"
53,"negativo"
69,"positivo"
65,"positivo"
67,"positivo"
43,"negativo"
35,"positivo"
43,"negativo"
62,"negativo"
45,"negativo"
39,"positivo"
38,"positivo"
44,"positivo"
68,"positivo"
42,"positivo"
64,"positivo"
